,CustomerID,Mobile_no
0,1,4228850922
1,2,3015121903
2,3,2359973139
3,4,4199814046
4,5,8158752393
5,6,9453726781
6,7,3262835176
7,8,5654831631
8,9,6251626567
9,10,5926378514
10,11,4296867130
11,12,4270938611
12,13,1176634689
13,14,9486361669
14,15,9767027772
15,16,2484209736
16,17,6922705039
17,18,5553062495
18,19,2525900614
19,20,3300535330
20,21,9129255258
21,22,4725990051
22,23,2644147980
23,24,2189852643
24,25,8177497617
25,26,3482580587
26,27,469869049
27,28,351079200
28,29,1329407950
29,30,8585584052
30,31,3310897669
31,32,6845307324
32,33,9262484669
33,34,1536549444
34,35,5000618454
35,36,3962497717
36,37,7262790197
37,38,6684074058
38,39,7545896604
39,40,6512407645
40,41,7035170816
41,42,1709838797
42,43,2375180804
43,44,2653708437
44,45,6068563088
45,46,6709896714
46,47,8671758651
47,48,487554087
48,49,5937342768
49,50,7830443818
50,51,7238854951
51,52,1580156704
52,53,6525920494
53,54,6211617682
54,55,1178835011
55,56,7227718300
56,57,2141536997
57,58,6794324101
58,59,5560592316
59,60,8917583429
60,61,6800485032
61,62,1989999970
62,63,9770745838
63,64,9833427565
64,65,5347606847
65,66,741147647
66,67,3994707091
67,68,2200491851
68,69,5768608777
69,70,4213000140
70,71,3824647881
71,72,5117781122
72,73,1549447630
73,74,3068357019
74,75,2643687769
75,76,8822896829
76,77,4322119424
77,78,3807774302
78,79,5906152108
79,80,3203751472
80,81,4553527481
81,82,2078826480
82,83,2682928188
83,84,4531777477
84,85,2553820467
85,86,237931369
86,87,389257058
87,88,5075374155
88,89,4477155092
89,90,6701030137
90,91,810259048
91,92,7504674227
92,93,4893721596
93,94,596751869
94,95,4298141895
95,96,3911859345
96,97,9242441717
97,98,7627740710
98,99,753854784
99,100,8084724928
100,101,6191119226
101,102,7924520236
102,103,1706259461
103,104,3511872304
104,105,1651649287
105,106,9886807348
106,107,9877096379
107,108,4674072346
108,109,724173716
109,110,6341744100
110,111,1879195225
111,112,3339730811
112,113,4703580078
113,114,4064469517
114,115,1652285433
115,116,5438239112
116,117,3169601935
117,118,8720177372
118,119,9315741749
119,120,7388367073
120,121,3975937967
121,122,8583954280
122,123,3401973303
123,124,2205208149
124,125,7859464207
125,126,7554836437
126,127,7482789425
127,128,6043219312
128,129,2950965145
129,130,7976102044
130,131,701761284
131,132,3234773832
132,133,180583814
133,134,295113030
134,135,5561861416
135,136,4146343306
136,137,4467401002
137,138,7035768210
138,139,6144299218
139,140,6819560067
140,141,2552940629
141,142,8475338191
142,143,8706769378
143,144,6005361561
144,145,3971311557
145,146,4074059321
146,147,4796432338
147,148,7002787418
148,149,4841604071
149,150,9411729303
150,151,2176115523
151,152,3252135815
152,153,5444181781
153,154,3450808717
154,155,5943898654
155,156,410287651
156,157,5151186832
157,158,8076904532
158,159,2311016002
159,160,1909500231
160,161,1297627493
161,162,7818260688
162,163,5262810289
163,164,9401181125
164,165,111634500
165,166,9580767606
166,167,9378951141
167,168,2317318124
168,169,4186185045
169,170,937521479
170,171,1329787709
171,172,1482320781
172,173,9502862269
173,174,135488934
174,175,8689619155
175,176,1811459210
176,177,2254768964
177,178,9490318396
178,179,9211044158
179,180,7251013569
180,181,9479957095
181,182,8425088473
182,183,6518816214
183,184,7862966399
184,185,6384763488
185,186,8398147264
186,187,902180927
187,188,7297687058
188,189,3043264116
189,190,7153979525
190,191,1879295847
191,192,2182288260
192,193,1599473709
193,194,7967006058
194,195,6835228641
195,196,8296638539
196,197,2692547530
197,198,2729118437
198,199,1388567256
199,200,4108062435
